,,Article Info,,Preprocessing,,,,Nuis. regression: Non-GM signal,,,,Nuis GM | Global signal,,,Nuis regression: Motion,,,,,,,,Nuisance: Physio,,,,,,ROI provenance for nuisance signals ,Correlations: General Parameters,,,
Name of person entering info,Article Access Comments,PMCID ['EntrezUID'],Authors ['Description'],Smoothing? # (in mm) / U / None,Slice time correction Y / N / U,Prescan Normalization : Yes / None / U,Head coil : number / U ,Which ROIs?: CSF / WM / OB (out of the brain) / Other / None / U ,Which component of signal? Mean / TD (temporal derivative) / PC / Other / NA / U ,# of PC / U/ NA,Notes,Yes (gray matter or brain volume) / Other / U / None,Which component of GSR? Mean / TD temporal derivative) / PC / Other / NA / U ,Notes ,Which trends from motion? 6MP (6 motion parameters) / TD / Other / MS (motion spikes) / U / None,Scrubbing done? Yes / No / U (unknown),Iterative scrubbing ? Yes / None / NA,Scrubbing threshold? FD (frame displacement) / DVARS (?) / NA / Other / U ,Threshold for FD : number / NA / U  ,Threshold for Dvar: number / NA / U  ,Min volumes required post-scrub? ie the minimun number of volumes for a subject to be compted : number / U / NA ,Notes,H (Heart) / R (Respiration) / Both / None / Other / U,did they do high- and low-pass filters? H / L / B (both) / Other / None / U ,Low Freq specification : # in Hz / Other / NA / U,High Freq specification : # in Hz / Other / NA / U,Order of the regression : R (regression 1st) /  F (Filter 1st) /  S (simultaneous) / U / NA,Notes,Nuisance taken from regions defined on individual brain or on a template? Native / Template / Other / U / NA,"What kind of link/correlation was computed?  (when unspecified, we assume pearson) Pearson / Partial / Spectral / Other ",ROI (ROI-to-ROI) / Seed (Seed-to-Voxel) / ICA (analysis of interest done with ICA) / Voxel (Voxel-to-Voxel),"if ROI analysis, what ROI ? HO / AAL / Power2012 / Yeo / ICBM / FS / Other / NA / U",Other notes
name,comments,PMCID,authors,smoothing,STC,prescan_norm,headcoil,nongm_rois,nongm_components,nongm_pc,nongm_notes,gs_rois,gs_components,gs_notes,mot_trends,scrubbing,iterative_scrubbing,scrub_thresh,fd_thresh,dvars_thresh,minvol_postscrub,mot_notes,physio,filter_type,lowfreq_filt,highfreq_filt,filtreg_order,physio_notes,nuis_info,corr_type,corr_method,roi_info,other_notes
Courtney,,25284305,"Vakhtin AA, Ryman SG, Flores RA, Jung RE.",10,Y,U,U,None,NA,NA,None,None,NA,None,None,No,NA,NA,NA,NA,NA,None,None,Other,Other,Other,NA,None,NA,Other,ICA,NA,remove subjects with > 3.5 mm motion; ICA analysis
Courtney,,25284301,"Eavani H, Satterthwaite TD, Filipovych R, Gur RE, Gur RC, Davatzikos C.",None,U,U,32,CSF/WM,Mean/TD/Other,NA,None,Yes,Mean/TD/Other,None,6MP/TD/MS,No,NA,NA,NA,NA,80,None,None,B,0.01,0.08,F,None,Native,Pearson,ROI,Power,modified form of scrubbing
Courtney,,25267639,"Fox MD, Buckner RL, Liu H, Chakravarty MM, Lozano AM, Pascual-Leone A.",6,U,U,12,CSF/WM,Mean/TD,NA,None,Yes/None,Mean/TD,None,6MP/TD,No,NA,NA,NA,NA,NA,None,None,B,0.009,0.08,U,None,U,Pearson,Seed,NA,
Courtney,,25261727,"Roy AK, Benson BE, Degnan KA, Perez-Edgar K, Pine DS, Fox NA, Ernst M.",6,Y,U,U,CSF/WM,U,NA,None,Yes,U,None,6MP,No,NA,NA,NA,NA,NA,None,None,B/Other,0.009,0.1,U,None,Template,Pearson,Seed,NA,exclude subs with 3.1mm motion
Courtney,,25234120,"Passamonti L, Terracciano A, Riccelli R, Donzuso G, Cerasa A, Vaccaro M, Novellino F, Fera F, Quattrone A.",8,U,U,8,None,NA,NA,None,Yes,U,None,6MP,No,NA,NA,NA,NA,NA,None,None,None,NA,NA,NA,None,NA,Pearson,Seed,NA,exclude subs with 3.1mm motion
Katelyn,,25203441,"Jung WH, Jang JH, Park JW, Kim E, Goo EH, Im OS, Kwon JS.",6,Y,U,12,CSF/WM,PC,10,5 PCs for both CSF and WM,None,NA,None,6MP/TD,No,NA,NA,NA,NA,NA,None,None,B,0.009,0.1,S,"despiking, S conducted using NITRC Conn v13 toolbox",Template,Pearson,ROI/Seed,AAL,
Katelyn,,25183440,"Song J, Birn RM, Boly M, Meier TB, Nair VA, Meyerand ME, Prabhakaran V.",4,Y,U,8,CSF/WM,Mean,NA,None,None,NA,None,6MP/MS,No,NA,Other,NA,NA,NA,Metric: sum of squares of the MP derivatives; Threshold: 0.2 mm,None,B,0.01,0.1,R,despiking,Template,Pearson,ROI,Other,
Katelyn,,25146174,"Haneef Z, Lenartowicz A, Yeh HJ, Engel J Jr, Stern JM.",5,U,U,U,CSF/WM,Mean,NA,None,None,NA,None,6MP/TD,No,NA,NA,NA,NA,NA,None,None,B,0.01,0.1,Other,"Simultaneous H and F, Followed by L",Native,Partial,Seed,NA,
Katelyn,,25131690,"Kullmann S, Heni M, Linder K, Zipfel S, Häring HU, Veit R, Fritsche A, Preissl H.",6,U,U,U,CSF/WM,U,NA,None,None,NA,None,6MP,No,NA,NA,NA,NA,NA,None,None,B,0.01,0.08,U,None,U,Pearson,Seed,NA,
Katelyn,,25116397,"Zhu DC, Covassin T, et al",4,Y,U,8,CSF/WM,U,NA,None,Yes,U,None,6MP,No,NA,NA,NA,NA,NA,None,None,B,0.009,0.08,R,"Baseline, linear and quadratic system-induced signal trends were removed.",Native,Pearson,ROI,Yeo,
arielle,NO BOLD data (REMOVE),25111472,"Pineda-Pardo JA, Bruña R, Woolrich M, Marcos A, Nobre AC, Maestú F, Vidaurre D.",,,,,,,,,,,,,,,,,,,,,,,,,,,,,,
arielle,,25109530,"Betzel RF, Byrge L, He Y, Goñi J, Zuo XN, Sporns O.",6,Y,U,U,CSF/WM,Mean,NA,"preprocessing as in Cao et al. 2014, Cao refers to Zuo et al., 2013",Yes,Mean,friston 24 removed,6MP/Other,No,NA,NA,NA,NA,NA,None,None,B,0.01,0.1,R,None,Native,Pearson,ROI,Yeo,
arielle,spinal cord (remove?),25097248,"Barry RL, Smith SA, Dula AN, Gore JC.",,,,,,,,,,,,,,,,,,,,,,,,,,,,,,
arielle,,25096286,"Tosoni A, Pitzalis S, Committeri G, Fattori P, Galletti C, Galati G.",6,Y,U,U,CSF/WM,PC,4,None,Yes,Mean,None,6MP,No,NA,NA,NA,NA,NA,None,None,L,NA,0.1,F,None,Template,Pearson,Seed,NA,
arielle,,25090040,"Li K, Langley J, Li Z, Hu XP.",6,Y,U,U,CSF/WM,Mean,NA,None,Yes,Mean,None,6MP,No,NA,NA,NA,NA,NA,None,None,B,0.005,0.1,U,None,Native,Pearson,ROI,Other,
Daniel,not bold,,,,,,,,,,,,,,,,,,,,,,,,,,,,,,,,
Daniel,,25081921,"Leonardi N, Shirer WR, Greicius",6,U,U,U,CSF/WM,U,NA,None,Yes,Mean,None,6MP/TD,No,NA,NA,NA,NA,NA,None,Both,H,0.01,NA,R,None,Template,Pearson,ICA,NA,
Daniel,,25078102,"Hamann J, Dayan E",4,Y,U,8,None,NA,NA,None,None,NA,None,U,No,NA,NA,NA,NA,NA,None,Both,B,0.01,0.1,NA,None,U,U,Seed,NA,
Daniel,,25072392,"Arbabshirani M, Damaraju E",6,Y,U,U,None,NA,NA,None,U,NA,None,6MP,No,NA,NA,NA,NA,NA,None,U,U,NA,NA,NA,None,U,Pearson,U,U,AFNI’s 3dDespike
Daniel,,25034343,"Thomas J, Brier M",6,Y,U,12,CSF/WM,U,NA,None,Yes,U,None,6MP,Yes,None,Other,NA,NA,U,None,None,L,NA,0.1,F,None,U,Pearson,ROI,U,voxel-wise linear detrending
JB,method: to rm,25023958,"Minati L, Zacà D, D'Incerti L, Jovicich J.",6,,,,CSF/WM,10 - or 85% Var,,None,None,NA,None,6MP / TD,No,,,,,,,,Detrending ,,,,,Native (?),,,,HCP minimal preprocessing (field map correction)
JB ,,24999036,Pujol J et al,8,U,U,8,CSF/WM,Mean,NA,None,Yes,Mean,None,6MP/Other,No,NA,NA,NA,NA,NA,None,None,H,0.008,NA,NA,None,Template,Pearson,Voxel,NA,"reduce voxel dimension of 6.3 × 7.6 × 6.8 mm, data-driven method, study-specific parameters"
JB,no BOLD data,25019817,"Lee D, Kim S, Ko TW.",6,,,,,,,,,,,,,,,,,,None,,,,,,,,,,,
JB,"
",25002573,"Dopper EG, Rombouts SA, et al",6,U,U,U,U,U,NA,None,None,NA,None,U,U,U,U,U,U,U,None,None,U,U,U,U,None,U,U,Seed,NA,"N=78, FSL, methods in word appendix that point to references that are not a description of the analysis methods"
JB,rat study,24999822,"Lu H, Zou Q, Chefer S, Ross TJ, Vaupel DB, Guillem K, et al",,,,,,,,,,,,,,,,,,,,,,,,,,,,,,rat study
Courtney,,24982140,"Zalesky A, Fornito A, Cocchi L, Gollo LL, Breakspear M.",U,U,U,U,CSF/WM,U,U,say regressed out CSF/WM signal _AND_ CompCor procedure,None,NA,,6MP/TD,No,NA,NA,NA,NA,NA,,None,B,0.01,0.1,B,"CompCor regressed first, others filtered first",U,Other,ROI,AAL/Other,HCP data
Daniel,,24979343,"Murty VP, Shermohammed M, Smith DV, Carter RM, Huettel SA, Adcock RA.",6,Y,U,8,WM,U,NA,None,None,NA,None,6MP,Yes,None,Other,NA,NA,U,None,None,H,0.0066,NA,F,None,U,Pearson,ROI/Seed,Other,ROIs: Hand-drawn VTA and SN
Daniel,Review article,24975024,Keilholz SD.,,,,,,,,,,,,,,,,,,,,,,,,,,,,,,
Daniel,,24973603,"Kucyi A, Davis KD.",6,U,U,8,CSF/WM,PC,10,None,None,NA,None,6MP,No,NA,NA,NA,NA,NA,None,None,B,0.01,0.1,R,None,Template,Pearson/Partial,ROI/Seed,Other, coordinates from Andrews-Hanna et al. (2010)
Daniel,,24959130,"McDonough IM, Nashiro K.",6,Y,U,12,CSF/WM,U,NA,None,Yes,U,None,6MP,No,NA,NA,NA,NA,NA,None,None,B,0.01,0.1,F,None,Native,Pearson,Seed,NA,
Courtney,,24899709,"Witte AV, Kerti L, Margulies DS, Flöel A.",6,Y,U,12,CSF/WM,U,NA,None,Yes,U,None,6MP,No,NA,NA,NA,NA,NA,None,None,B/Other,0.01,0.1,U,None,U,Pearson,Seed,NA,
Courtney,,24871202,"Kühn S, Gallinat J.",4,Y,U,12,CSF/WM,U,NA,None,Yes,U,None,6MP,No,NA,NA,NA,NA,NA,None,None,B/Other,0.01,0.08,U,None,U,Pearson,Seed,NA,
Courtney,REMOVE (not human),24862938,"Goelman G, Ilinca R, Zohar I, Weinstock M.",,,,,,,,,,,,,,,,,,,,,,,,,,,,,,
Courtney,REMOVE (not human),24862071,"Bauer AQ, Kraft AW, Wright PW, Snyder AZ, Lee JM, Culver JP.",,,,,,,,,,,,,,,,,,,,,,,,,,,,,,
Courtney,,24860458,"Schaefer A, Margulies DS, Lohmann G, Gorgolewski KJ, Smallwood J, Kiebel SJ, Villringer A.",None,Y,U,U,Other,PC,5,None,None,NA,Removed top 5 'high variance' components,6MP,No,NA,NA,NA,NA,NA,None,None,B/Other,0.01,0.1,R,None,U,Pearson,ROI,Other,remove subjects with >3 mm motion; used Craddock 2012 atlas
Courtney,,24850532,"Kohno M, Morales AM, Ghahremani DG, Hellemann G, London ED.",5,U,U,U,CSF,Mean,NA,None,None,NA,None,Other,No,NA,NA,NA,NA,NA,None,None,H,U,NA,F,None,Template,Pearson,Seed,NA,
Courtney,,24844267,"Schroeter ML, Mueller K, Arelin K, Sacher J, Holiga S, Kratzsch J, Luck T, Riedel-Heller S, Villringer A.",8,U,U,32,None,NA,NA,None,None,NA,None,None,No,NA,NA,NA,NA,NA,None,None,None,NA,NA,NA,None,NA,Pearson,Voxel,NA,
Courtney,,24828639,"Nettekoven C, Volz LJ, Kutscha M, Pool EM, Rehme AK, Eickhoff SB, Fink GR, Grefkes C.",8,U,U,U,CSF/WM,Mean/TD/Other,NA,None,Yes,Mean/TD/Other,"Incuded Mean, TD, and square of signal",6MP/TD/Other,No,NA,NA,NA,NA,NA,None,None,B,0.01,0.08,U,None,U,Pearson,ROI/Seed,Other,
Courtney,,24792477,"Pujol J, Macià D, Garcia-Fontanals A, Blanco-Hinojo L, López-Solà M, Garcia-Blanco S, Poca-Dias V, Harrison BJ, Contreras-Rodríguez O, Monfort J, Garcia-Fructuoso F, Deus J.",8,U,U,8,CSF/WM,U,NA,None,Yes,U,None,None,No,NA,NA,NA,NA,NA,None,None,H,0.0078125,NA,U,None,U,Pearson,Seed/Voxel,NA,exclude subs with < 2mm or 2 degree movement
Courtney,,24790196,"Riedl V, Bienkowska K, Strobel C, Tahmasian M, Grimmer T, Förster S, Friston KJ, Sorg C, Drzezga A.",8,Y,U,12,CSF/WM,Mean,NA,None,None,NA,None,6MP,No,NA,NA,NA,NA,NA,None,None,B,0.01,0.08,R,None,Native,Pearson,Seed,NA,Used integrated PET/MRI scanner
Courtney,,24778608,"Burton H, Snyder AZ, Raichle ME.",6,Y,U,12,CSF/WM,Mean/TD,NA,None,Yes,Mean/TD,None,6MP/TD,No,NA,NA,NA,NA,NA,None,None,L,NA,0.1,U,None,Template,Pearson,Seed,NA,
Courtney,,24771519,"Myers N, Pasquini L, Göttler J, Grimmer T, Koch K, Ortner M, Neitzel J, Mühlau M, Förster S, Kurz A, Förstl H, Zimmer C, Wohlschläger AM, Riedl V, Drzezga A, Sorg C.",8,U,U,8,None,NA,NA,None,None,NA,None,None,No,NA,NA,NA,NA,NA,None,None,None,NA,NA,NA,None,NA,Other,ICA,NA,Used ICA to examine specific large-scale networks
Courtney,,24769185,"Tewarie P, Hillebrand A, van Dellen E, Schoonheim MM, Barkhof F, Polman CH, Beaulieu C, Gong G, van Dijk BW, Stam CJ.",U,U,U,U,None,NA,NA,None,None,NA,None,None,No,NA,NA,NA,NA,NA,None,None,H,0.01,NA,NA,None,NA,Pearson,ROI,AAL,
Kai,,24705397,"Esposito F, Otto T, Zijlstra FR, Goebel R.",None,Y,U,U,None,NA,NA,None,None,NA,ICA,6MP,No,NA,NA,NA,NA,NA,None,Both,H,Other,NA,U,Other (2 cycles per timeseires?),NA,Other,ICA,NA,
Kai,,24681331,"Kilpatrick LA, Kutch JJ, Tillisch K, Naliboff BD, Labus JS, Jiang Z, Farmer MA, Apkarian AV, Mackey S, Martucci KT, Clauw DJ, Harris RE, Deutsch G, Ness TJ, Yang CC, Maravilla K, Mullins C, Mayer EA.",3,Y,U,U,CSF/WM,U,NA,None,None,NA,None,6MP,No,NA,NA,NA,NA,NA,None,None,Other,Other,Other,U,None,U,Pearson,Seed,NA,"Seed-base divided into three frequeny passband: slow-5 (0.01 to 0.027 Hz), slow-4 (0.027 to 0.073 Hz) and slow-3 (0.073 to 0.198 Hz). "
Kai,,24675649,"Ciuciu P, Abry P, He BJ.",None,Y,U,U,None,NA,NA,None,None,NA,None,6MP,No,NA,NA,NA,NA,NA,None,None,None,NA,NA,NA,None,U,Spectral,ROI,Other,
Kai,,24664202,"Serra L, Silvestri G, Petrucci A, Basile B, Masciullo M, Makovac E, Torso M, Spanò B, Mastropasqua C, Harrison NA, Bianchi ML, Giacanelli M, Caltagirone C, Cercignani M, Bozzali M.",8,Y,U,U,None,NA,NA,None,None,NA,None,6MP,No,NA,NA,NA,NA,NA,None,None,B,0.01,0.08,U,None,U,Other,ICA,NA,
Kai,,24662579,"Gabard-Durnam LJ, Flannery J, Goff B, Gee DG, Humphreys KL, Telzer E, Hare T, Tottenham N.",6,Y,U,U,None,NA,NA,None,Yes,U,None,6MP/TD,Yes,None,Other,2.5,NA,U,None,None,B,0.009,0.08,F,None,U,Pearson,ROI,Other,
Kai,,24650142,"Kim JB, Suh SI, Seo WK, Oh K, Koh SB, Kim JH.",6,Y,U,12,CSF/WM,U,NA,None,Yes,U,None,6MP,No,NA,NA,NA,NA,NA,None,None,B,0.01,0.08,U,None,U,Pearson,Seed,NA,
Kai,,24646613,"Satterthwaite TD, Wolf DH, Roalf DR, Ruparel K, Erus G, Vandekar S, Gennatas ED, Elliott MA, Smith A, Hakonarson H, Verma R, Davatzikos C, Gur RE, Gur RC.",6,Y,U,32,CSF/WM,Mean/TD/Other,NA,None,Yes,Mean/TD/Other,"mean, temporal derivative, quadratic term, and temporal derivative of the quadratic of each.",6MP/TD/Other/MS,No,NA,NA,NA,NA,NA,None,None,B,0.01,0.08,F,None,U,Pearson,ROI,Power,
Kai,,24623776,"Sami S, Robertson EM, Miall RC.",5,Y,U,8,None,NA,NA,None,None,NA,ICA,None,No,NA,NA,NA,NA,NA,None,None,H,0.01,NA,U,None,NA,Other,ICA,NA,
Kai,,24623774,"Kucyi A, Moayedi M, Weissman-Fogel I, Goldberg MB, Freeman BV, Tenenbaum HC, Davis KD.",None,Y,U,8,CSF/WM,PC,5,None,None,NA,None,6MP,No,NA,NA,NA,NA,NA,None,None,None,NA,NA,U,None,Native,Pearson,Seed,NA,
Kai,,24623317,"Peer M, Nitzan M, Goldberg I, Katz J, Gomori JM, Ben-Hur T, Arzy S.",6,Y,U,32,CSF/WM,U,NA,None,Yes,U,None,6MP/TD/Other/MS,No,NA,NA,NA,NA,NA,None,None,B,0.01,0.15,U,None,U,Pearson,ROI,AAL,
Kai,,24619953,"Kesler SR, Gugel M, Pritchard-Berman M, Lee C, Kutner E, Hosseini SM, Dahl G, Lacayo N.",None,U,U,U,U,U,U,None,U,U,"said used ""compcor"" with no details",6MP,No,NA,NA,NA,NA,NA,None,None,B,0.008,0.09,U,None,U,Pearson,ROI,AAL,
Kai,,24588676,"Ji GJ, Zhang Z, Xu Q, Zang YF, Liao W, Lu G.",6,Y,U,1,CSF/WM,U,NA,None,Yes,U,None,6MP,No,NA,NA,NA,NA,NA,None,None,B,0.01,0.08,U,None,U,Pearson,Voxel,NA,
Kai,,24579202,"Lv P, Guo L, Hu X, Li X, Jin C, Han J, Li L, Liu T.",U,U,U,U,U,U,U,None,U,U,"This is crazy, no details on any preprocessing procedure",U,No,NA,NA,NA,NA,NA,None,U,U,U,U,U,None,U,Pearson,ROI,Other,DICCCOL
Kai,,24579156,"Wee CY, Li Y, Jie B, Peng ZW, Shen D.",U,Y,U,U,CSF/WM,U,U,None,None,NA,None,6MP,No,NA,NA,NA,NA,NA,None,None,None,NA,NA,NA,None,NA,Pearson,ROI,AAL,
Kai,,24736176,"Li CS, Ide JS, Zhang S, Hu S, Chao HH, Zaborszky L.",8,Y,U,U,CSF/WM,U,U,None,Yes,U,None,6MP,Yes,None,FD/DVARS,0.5,0.5,U,None,None,B,0.009,0.08,U,None,U,Pearson,Seed,NA,
Kai,,24575752,"Malherbe C, Messé A, Bardinet E, Pélégrini-Issac M, Perlbarg V, Marrelec G, Worbe Y, Yelnik J, Lehéricy S, Benali H.",5,Y,U,12,CSF/WM,Mean,NA,None,Yes,Mean,None,6MP,No,NA,NA,NA,NA,NA,None,None,None,NA,NA,NA,None,NA,Pearson,Seed,NA,
Kai,,24566670,"Kahan J, Urner M, Moran R, Flandin G, Marreiros A, Mancini L, White M, Thornton J, Yousry T, Zrinzo L, Hariz M, Limousin P, Friston K, Foltynie T.",8,Y,U,U,CSF,U,NA,None,None,NA,None,6MP,No,NA,NA,NA,NA,NA,None,None,H,0.0078,NA,NA,None,NA,Other,ROI,Other,"DCM; Used FSL's Harvard-Oxford atlas for cortical ROIs, and FSL's probalistic striatum atlas for subcortical ROIs."
Arielle,,24565926,"Duan X, Long Z, Chen H, Liang D, Qiu L, Huang X, Liu TC, Gong Q.",None,Y,U,U,CSF/WM,Mean,NA,None,None,NA,None,6MP,No,NA,NA,NA,NA,NA,None,None,B,0.01,0.08,R,None,Template,Pearson,ROI,AAL,
Arielle,review paper,24562737,"Dennis EL, Thompson PM.",,,,,,,,,,,,,,,,,,,,,,,,,,,,,,
Arielle,,24560717,"Yang Z, Craddock RC, Margulies DS, Yan CG, Milham MP.",None,U,U,U,CSF/WM,U,NA,None,Yes,U,None,6MP/Other,No,NA,NA,NA,NA,NA,friston 24 used,None,H,U,NA,NA,linear and quadratic trends removed,Template,Pearson,ROI,Other,
Arielle,,24557696,"Liu A, Chen X, Wang ZJ, Xu Q, Appel-Cresswell S, McKeown MJ.",4,Y,U,U,None,NA,NA,None,None,NA,no nuisance regression,None,No,NA,NA,NA,NA,NA,None,None,B,0.01,0.08,NA,None,NA,Pearson,ROI,Other,
Arielle,can't access -- can't access through ucsf or stanford either (should remove),24552511,"Piaggi P, Menicucci D, Gentili C, Handjaras G, Gemignani A, Landi A.",,,,,,,,,,,,,,,,,,,,,,,,,,,,,,
Arielle,article in chinese,24548392,"Wang N, Wu JT, Chen WX, Xu Y, Ye J, Yin YL, Zhang HY.",,,,,,,,,,,,,,,,,,,,,,,,,,,,,,
Arielle,,24534162,"Blackford JU, Clauss JA, Avery SN, Cowan RL, Benningfield MM, VanDerKlok RM.",8,Y,U,U,CSF/WM,U,NA,None,Yes,U,None,None,No,NA,NA,NA,NA,NA,None,None,B,0.01,0.1,U,None,Template,Pearson,Seed,NA,
Arielle,,24531049,"O'Neil EB, Hutchison RM, McLean DA, Köhler S.",5,Y,U,U,None,NA,NA,None,None,NA,None,None,No,NA,NA,NA,NA,NA,None,None,B,0.009,0.08,NA,None,NA,Pearson/Partial,ROI,Other,
Arielle,not human,24530271,"Li J, Luo C, Chen Y, Chen Q, Huang R, Sun J, Gong Q, Wu X, Qi Z, Liang Z, Li L, Li H, Li P, Wang W, Shang HF.",,,,,,,,,,,,,,,,,,,,,,,,,,,,,,
Arielle,not BOLD,24523685,"Molavi B, May L, Gervain J, Carreiras M, Werker JF, Dumont GA.",,,,,,,,,,,,,,,,,,,,,,,,,,,,,,
Arielle,,24523553,"Wang C, Zhang Y, Liu B, Long H, Yu C, Jiang T.",4,Y,U,U,CSF/WM,U,NA,None,Yes,U,None,6MP,No,NA,NA,NA,NA,NA,None,None,B,U,U,U,None,Template,Pearson,ROI/Seed,Other,
Arielle,,24523536,"Vahdat S, Darainy M, Ostry DJ.",6,Y,U,U,CSF/WM,Mean,NA,None,Yes,Mean,"conn methods as in Vahdat et al., 2011 J neurosci",6MP,No,NA,NA,NA,NA,NA,None,None,B,0.009,0.08,U,None,Template,Partial/Other,Seed/ICA/Other,NA,
Arielle,,24513500,"Philip NS, Valentine TR, Sweet LH, Tyrka AR, Price LH, Carpenter LL.",6,U,U,32,CSF/WM,Mean,NA,None,None,NA,"scrubbing threshold based on ""TR w/ motion > 1.5mm""",6MP/TD,Yes,Yes,Other,NA,NA,U,None,None,B,0.009,0.08,U,None,Template,Pearson,Seed,NA,
Arielle,,24505817,"Ng B, Varoquaux G, Poline JB, Thirion B.",None,Y,U,U,CSF/WM,U,NA,None,None,NA,None,None,No,NA,NA,NA,NA,NA,None,None,B,0.01,0.1,F,None,Template,Pearson/Partial/Other,ROI,Other,
Arielle,review,24496903,"Kelly C, Castellanos FX.",,,,,,,,,,,,,,,,,,,,,,,,,,,,,,
Katelyn,review,24496902,"Posner J, Park C, Wang Z.",,,,,,,,,,,,,,,,,,,,,,,,,,,,,,
Katelyn,,24484065,"Tona F, Petsas N, Sbardella E, Prosperini L, Carmellini M, Pozzilli C, Pantano P.",5,U,U,16,CSF/WM,U,NA,None,None,NA,None,None,No,NA,NA,NA,NA,NA,None,None,H,0.01,NA,F,None,U,Pearson,Seed,NA,
Katelyn,,24484062,"Ni L, Wen J, Zhang LJ, Zhu T, Qi R, Xu Q, Liang X, Zhong J, Zheng G, Lu GM.",8,Y,U,12,None,NA,NA,None,None,NA,None,None,No,NA,NA,NA,NA,NA,None,None,None,NA,NA,NA,None,NA,Pearson,ICA,NA,
Katelyn,,24465577,"Zhang H, Long Z, Ge R, Xu L, Jin Z, Yao L, Liu Y.",8,U,U,U,None,NA,NA,None,None,NA,None,None,No,NA,NA,NA,NA,NA,None,None,None,NA,NA,NA,None,Template,Other,ICA,NA,
Katelyn,not BOLD,24453107,"Weber MJ, Messing SB, Rao H, Detre JA, Thompson-Schill SL.",,,,,,,,,,,,,,,,,,,,,,,,,,,,,,
Katelyn,,24447031,"Kay BP, Holland SK, Privitera MD, Szaflarski JP.",6,Y,U,U,None,NA,NA,None,None,NA,None,6MP,Yes,None,Other,NA,NA,U,Metric: normalized correlation ratio cost function; Threshold: >0.00185; Epilictic events also scrubbed out,None,Other,NA,NA,NA,Baseline drift was modeled using a first-order polynomial because no physiologic regressors were available.,NA,Pearson,Seed,NA,dual MRI-EEG
Katelyn,,24434242,"Xu P, Huang R, Wang J, Van Dam NT, Xie T, Dong Z, Chen C, Gu R, Zang YF, He Y, Fan J, Luo YJ.",None,Y,U,12,None,NA,NA,None,Yes/None,Mean,None,6MP,No,NA,NA,NA,NA,NA,None,None,B,0.01,0.08,F,None,U,Pearson,ROI,AAL,
Katelyn,not BOLD,24418505,"Brookes MJ, O'Neill GC, Hall EL, Woolrich MW, Baker A, Palazzo Corner S, Robson SE, Morris PG, Barnes GR.",,,,,,,,,,,,,,,,,,,,,,,,,,,,,,
Katelyn,,24417550,"Long X, Goltz D, Margulies DS, Nierhaus T, Villringer A.",6,Y,U,32,CSF/WM,Mean,NA,None,None,NA,None,6MP,No,NA,NA,NA,NA,NA,None,None,B,0.01,0.08,F,None,U,Pearson,Voxel,NA,
Katelyn,,24416273,"Xu H, Qin W, Chen H, Jiang L, Li K, Yu C.",8,Y,U,U,CSF/WM,Mean,NA,None,Yes/None,Mean,None,6MP,No,NA,NA,NA,NA,NA,None,None,B,0.01,0.08,R,None,U,Pearson,Seed,NA,
Katelyn,,24411594,"Pujol J, Blanco-Hinojo L, Batalla A, López-Solà M, Harrison BJ, Soriano-Mas C, Crippa JA, Fagundo AB, Deus J, de la Torre R, Nogué S, Farré M, Torrens M, Martín-Santos R.",8,U,U,8,CSF/WM,U,NA,None,Yes,U,None,None,No,NA,NA,NA,NA,NA,None,None,None,NA,NA,NA,None,U,Pearson,Seed,NA,
Katelyn,,24404185,"Sheng K, Fang W, Su M, Li R, Zou D, Han Y, Wang X, Cheng O.",4,Y,U,8,CSF/WM,Mean,NA,None,None,NA,None,6MP,No,NA,NA,NA,NA,NA,None,None,B,0.01,0.08,U,None,U,Pearson,Seed,NA,
Katelyn,,24403145,"Hellyer PJ, Shanahan M, Scott G, Wise RJ, Sharp DJ, Leech R.",None,U,U,U,CSF/WM,U,NA,None,None,NA,None,6MP,No,NA,NA,NA,NA,NA,None,None,B,0.01,0.15,U,None,U,Other,ROI,FS,
Katelyn,,24398939,"Wang C, Qin W, Zhang J, Tian T, Li Y, Meng L, Zhang X, Yu C.",6,Y,U,U,CSF/WM,Mean,NA,None,Yes,Mean,None,6MP,No,NA,NA,NA,NA,NA,None,None,B,0.01,0.08,U,None,U,Pearson,ICA,NA,
Katelyn,,24391997,"Fekete T, Zach N, Mujica-Parodi LR, Turner MR.",8,U,U,12,CSF/WM,Mean/TD,NA,None,None,NA,None,6MP/TD,No,NA,NA,NA,NA,NA,None,None,B,0.03,0.06,R,None,U,Pearson,Seed,NA,
Katelyn,not BOLD,24387590,"Cabral J, Fernandes HM, Van Hartevelt TJ, James AC, Kringelbach ML, Deco G.",,,,,,,,,,,,,,,,,,,,,,,,,,,,,,
Katelyn,,24386219,"Choi J, Jeong B, Lee SW, Go HJ.",6,Y,U,U,Other,U,NA,"16 artifacts (e.g., residual motion, mal-alignment, non-gray matter signals)",None,NA,None,None,No,NA,NA,NA,NA,NA,None,None,B,0.01,0.1,F,None,Template,Partial,ICA,NA,
Katelyn,,24382524,"van Oort ES, van Cappellen van Walsum AM, Norris DG.",5,U,U,32,None,NA,NA,None,None,NA,None,None,No,NA,NA,NA,NA,NA,None,None,H,0.01,NA,NA,None,NA,Partial,ICA,NA,
Daniel,,24947491,"Goparaju B, Rana KD, Calabro FJ, Vaina LM.",None,Y,U,8,CSF/WM,U,NA,None,U,U,None,U,No,NA,NA,NA,NA,NA,None,None,B/Other,0.009,0.08,U,weird up-sampling,U,Pearson,ROI,Other,
Daniel,,24946057,"Pritchard WS, Laurienti PJ, Burdette JH, Hayasaka S",None,U,U,1,CSF/WM,U,NA,None,Yes,U,None,6MP,No,NA,NA,NA,NA,NA,None,None,B,0.009,0.08,F,None,Template,Pearson,ROI,AAL,
Daniel,,24938404,"Hodkinson DJ, O'Daly O, Zunszain PA, Pariante CM, Lazurenko V, Zelaya FO, Howard MA, Williams SC.",5,Y,U,8,CSF/WM,Mean,NA,None,None,NA,None,6MP,No,NA,NA,NA,NA,NA,None,None,B,0.01,0.1,F,None,Template,Pearson,Seed,NA,
Daniel,,24920856,"Szewczyk-Krolikowski K, Menke RA, Rolinski M, Duff E, Salimi-Khorshidi G, Filippini N, Zamboni G, Hu MT, Mackay CE.",U,U,U,12,U,U,U,None,U,U,Contender for worst methods section. Used ICA denoising. All else unclear.,U,No,NA,NA,NA,NA,NA,None,None,U,U,U,U,None,U,Other,ICA,NA,
Daniel,NA. Review article ,24906509,"Smucny J, Wylie KP, Tregellas JR.",,,,,,,,,,,,,,,,,,,,,,,,,,,,,,
"JB, dataset1",,24379387,"Goñi J, van den Heuvel MP, Avena-Koenigsberger A, Velez de Mendizabal N, Betzel RF, Griffa A, Hagmann P, Corominas-Murtra B, Thiran JP, Sporns O.",U,Y,U,U,CSF/WM,Mean,NA,None,Yes,Mean,"method in Hagman et al 2008, Plos biol",U,No,NA,NA,NA,NA,NA,None,None,Other,NA,NA,NA,None,NA,Pearson,ROI,Other,998 ROI (66 in Hagman 2008) - SPM5
"JB, dataset2",,24379387,"Goñi J, van den Heuvel MP, Avena-Koenigsberger A, Velez de Mendizabal N, Betzel RF, Griffa A, Hagmann P, Corominas-Murtra B, Thiran JP, Sporns O.",6,Y,U,32,CSF/WM,Mean,NA,None,Yes,Mean,method in Fox 2009 JNeurophy,6MP,Yes,U,U,U,U,U,None,None,H,NA,0.1,U,None,U,Pearson,ROI,Other," DSI, resting-state fMRI, andMPRAGE data were processed using the Connectome MappingToolkit (2)  - fMRI refers to Fox 2009 and Power JD, Barnes KA, Snyder AZ, Schlaggar BL, Petersen SE (2012) "
"JB, dataset3",,24379387,"Goñi J, van den Heuvel MP, Avena-Koenigsberger A, Velez de Mendizabal N, Betzel RF, Griffa A, Hagmann P, Corominas-Murtra B, Thiran JP, Sporns O.",U,Y,U,U,CSF/WM,Mean,NA,None,Yes,Mean,"method in sppl. mat. of ref 7: van den Heuvel MP, et al. (2013)",6MP,No,NA,NA,NA,NA,NA,None,None,B,0.01,0.1,U,None,U,Pearson,ROI,Other,"A typical description: Third (Figure 1C), rest-ing-state time series were realigned, coregistered with the T1 image, detrended (linear trends and first-order drifts were re- moved), corrected for global effects (regressing out 6 motion parameters, white matter, ventricle, and global mean signals), and band-pass filtered (0.01 to 0.1 Hz).
"
Daniel,"
",24324753,"Li Rui, Yu J, Zhang S, Bao F, Wang P, Huang X, Li J.",4,Y,U,U,None,NA,NA,None,None,NA,None,None,No,NA,NA,NA,NA,NA,None,None,U,NA,NA,U,None,Template,Other,ICA,NA,
Daniel,NA. MEG paper.,24321555,"Cabral J, Luckhoo H, Woolrich M, Joensson M, Mohseni H, Baker A, Kringelbach ML, Deco G",,,,,,,,,,,,,,,,,,,,,,,,,None,,,,,
Daniel,,24313597,"Haneef Z, Lenartowicz A, Yeh HJ, Levin HS, Engel J Jr, Stern JM.",5,U,U,U,CSF/WM,U,NA,None,Yes,Mean,None,6MP,Yes,None,FD,Other,NA,300,None,None,B,0.01,0.1,Other,High-pass followed by regressions followed by low-pass,Native,Pearson,Seed,NA,
Daniel,,24308753,"Zhang S, Li CS.",8,Y,U,32,CSF/WM,Mean/TD,NA,None,Yes,Mean/TD,None,6MP,No,NA,NA,NA,NA,NA,None,None,B,0.009,0.08,R,None,Template,Pearson,Seed,NA,
Daniel,,24302681,"Sripada RK, Welsh RC, Marx CE, Liberzon I.",8,Y,U,U,CSF/WM,PC,5,None,None,NA,None,6MP,Yes,None,FD,U,NA,U,None,None,B,0.01,0.1,F,None,Native,Pearson,Seed,NA,
JB,,24367675,"Koehler S, Ovadia-Caro S, van der Meer E, Villringer A, Heinz A, Romanczuk-Seiferth N, Margulies DS.",6,Y,U,U,CSF/WM,Mean,NA,None,None,NA,scripts from 1000 connectome,6MP,No,NA,NA,NA,NA,NA,None,None,B,0.009,0.1,U,None,U,Pearson,Seed,NA,"19 PG 19 CTR  , analysis with FSL + AFNI preproc with www.nitrc.org/projects/fcon_1000. Typical description: The following preprocessing steps were performed: slice-time correction, motion correction, spatial smoothing with a 6 mm full-width at half maximum Gaussian spatial filter, band pass filtering (0.009 - 0.1 Hz) and normalization to the 2 * 2 * 2 mm3 Montreal Neurological Institute (MNI)-152 brain template. Signal from regions of no-interest: white matter and cerebrospinal fluid signal were removed using regression. Global signal was not removed as it has recently been shown that this preprocessing step can induce false-positive group differences [56].

"
Courtney,,24213671,"Li S, Zhou M, Yu B, Ma Z, Chen S, Gong Q, He L, Huang X, Lui S, Wang X, Zhou D, He C.",8,Y,U,U,CSF/WM,U,NA,None,Yes,U,None,6MP,No,NA,NA,NA,NA,NA,None,None,B,0.01,0.08,F,None,U,Pearson,Seed,NA,
Courtney,,24211007,"Agosta F, Canu E, Inuggi A, Chiò A, Riva N, Silani V, Calvo A, Messina S, Falini A, Comi G, Filippi M.",6,U,U,U,None,NA,NA,None,None,NA,,None,No,NA,NA,NA,NA,NA,None,None,H,0.01,NA,F,None,NA,Other,ICA,NA,
Courtney,,24210960,"Besseling RM, Overvliet GM, Jansen JF, van der Kruijs SJ, Vles JS, Ebus SC, Hofman PA, de Louw AJ, Aldenkamp AP, Backes WH.",5,U,U,8,None,NA,NA,None,Yes,Mean,,None,No,NA,NA,NA,NA,NA,None,None,H,0.01,NA,F,None,NA,Pearson,ROI,Other,
Courtney,,24205327,"Shao Y, Wang L, Ye E, Jin X, Ni W, Yang Y, Wen B, Hu D, Yang Z.",6,U,U,U,CSF/WM,U,NA,None,Yes,U,,6MP,No,NA,NA,NA,NA,NA,None,None,B/Other,0.01,0.1,U,None,Template,Pearson,Seed,NA,
Kai,,24204812,"Göttlich M, Münte TF, Heldmann M, Kasten M, Hagenah J, Krämer UM.",6,Y,U,U,CSF/WM,U,NA,None,None,U,,6MP,No,NA,NA,NA,NA,NA,None,None,B,0.01,0.08,U,None,U,Pearson,ROI/Voxel,AAL,
Kai,,24203723,"Hoogenboom WS, Marder TJ, Flores VL, Huisman S, Eaton HP, Schneiderman JS, Bolo NR, Simonson DC, Jacobson AM, Kubicki M, Shenton ME, Musen G.",U,U,U,U,U,U,NA,"Only said ""fMRI preprocessing was performed with the SPM2 software package (http://www.fil.ion.ucl.ac.uk). """,U,U,,U,U,U,U,U,U,U,None,U,B,0.01,0.08,U,None,U,Pearson,Seed,NA,
Kai,,24200210,"Wisner KM, Patzelt EH, Lim KO, MacDonald AW 3rd.",6,Y,U,U,CSF/WM,U,NA,,Yes,U,,6MP,No,NA,NA,NA,NA,NA,None,None,B,0.01,0.08,U,None,U,Pearson,Voxel,NA,
Kai,,24194579,"Feng P, Feng T, Chen Z, Lei X.",6,Y,U,U,U,U,NA,""" The REST and DPARSF software were further used in rest-state analysis """,U,U,,U,U,U,U,U,U,U,None,U,B,0.01,0.08,U,None,U,Pearson,Seed,NA,
Kai,,24191250,"Xu CP, Zhang SW, Fang T, Manxiu M, Chencan Q, Huafu C, Zhu HW, Li YJ, Zuxiang L.",4,Y,U,U,CSF/WM,U,NA,None,Yes,U,,6MP,No,NA,NA,NA,NA,NA,None,None,B,0.01,0.08,U,None,U,Pearson,ROI,AAL,
Kai,,24188648,"Wei D, Yang J, Li W, Wang K, Zhang Q, Qiu J.",6,Y,U,12,CSF/WM,U,NA,None,Yes,U,,6MP/TD/Other,No,NA,NA,NA,NA,NA,Calculated FD but instead of scrubbing included that as additional regressor,None,B,0.01,0.08,U,None,U,Pearson,Seed,NA,
Kai,,24188367,"Chai XJ, Ofen N, Gabrieli JD, Whitfield-Gabrieli S.",4,Y,U,32,CSF/WM,PC,5,None,None,NA,,6MP/TD/MS,No,NA,NA,NA,NA,48,"Used ""6"" sec TR. I don't know if thats a typo or they actually used 6 seconds TR...No scruubing, but threw out subjects with high MS",None,B,0.009,0.08,U,None,U,Pearson,Seed,NA,
Kai,,24185018,"Yeo BT, Krienen FM, Chee MW, Buckner RL.",6,Y,U,12/32,CSF/WM,Mean/TD,NA,None,Yes,Mean/TD,,6MP/TD,No,NA,NA,NA,NA,NA,None,None,L,NA,0.08,U,None,U,Pearson,Voxel,NA,
Kai,,24179292,"Ward AM, McLaren DG, Schultz AP, Chhatwal J, Boot BP, Hedden T, Sperling RA.",6,Y,U,12,CSF/WM,Mean/TD,NA,None,Yes,Mean/TD,,6MP/TD,No,NA,NA,NA,NA,NA,None,None,L,NA,0.08,U,None,U,Pearson,ROI,Other,
Kai,,24179291,Killgore WD.,6,Y,U,12,CSF/WM,PC,U,None,None,NA,,U,No,NA,NA,NA,NA,NA,None,None,B,0.008,0.1,U,None,U,Pearson,ROI,AAL,
JB,,24167282,"Kucyi A1, Salomons TV, Davis KD",6,U,U,8,CSF/WM,PC,5,CompCor,None,NA,,6MP,No,NA,NA,NA,NA,NA,None,None,B,0.01,0.1,R,None,Native,Pearson,ROI,Other,
JB,,24165885,"Hadley JA1, Nenert R2, Kraguljac NV1, et al",None,Y,U,U,CSF/WM,PC,U,PCs with 90% variance,None,NA,,6MP,Yes,Yes,FD,0.5,NA,U,step wise scrubb.,None,B,0.009,0.08,R,None,Template,Pearson,ROI,Other,ALFF was calculated using the REST toolbox Song et al. 2011
Daniel,,24297761,"Li S, Ma Z, Tu S, Zhou M, Chen S, Guo Z, Gong Q, He L, Huang X, Yao D, Lui S, Yu B, Wang X, Zhou D, He C.",U,U,U,U,U,U,U,U,U,U,,U,U,U,U,U,U,U,None,U,U,U,U,U,None,U,Pearson,ROI/Seed,U,This paper had 15 authors and apparently not one of them thought it was important to mentioning anything at all about the processing of the rs-fMRI data. There appears to be no
Daniel,,24293763,"Ellmore TM, Castriotta RJ, Hendley KL, Aalbers BM, Furr-Stimming E, Hood AJ, Suescun J, Beurlot MR, Hendley RT, Schiess MC.",6,U,U,U,None,NA,NA,,None,NA,,6MP,No,NA,NA,NA,NA,NA,,None,B,0.01,0.1,NA,,NA,Pearson,Seed,NA,"This paper used simultaneous slice-time correction and realignment (Roche, 2011)"
Daniel,,24282397,"Smallwood J, Gorgolewski KJ, Golchert J, Ruby FJ, Engen H, Baird B, Vinski MT, Schooler JW, Margulies DS.",5,Y,U,U,CSF/WM,PC,U,,None,NA,,6MP,Yes,NA,U,U,U,U,,None,B,0.01,0.1,R,,Template,Pearson,Seed,NA,
Courtney,review,24273500,"Horwitz B, Hwang C, Alstott J.",,,,,,,,,,,,,,,,,,,,,,,,,,,,,,
Courtney,,24270043,"Clasen PC, Beevers CG, Mumford JA, Schnyer DM.",6,U,U,8,None,NA,NA,,Yes ,U,,6MP,No,NA,NA,NA,NA,NA,,None,H,0.01,NA,U,,U,Pearson,Seed,NA,Used FEAT for preproc (unsure if STC is standard)
Katelyn,"Possibly remove, it is a GSR methods paper",24128734,"Carbonell F, Bellec P, Shmuel A.",6,Y,U,U,Other,Other,NA,CORSICA: Regress out ICs that explain signal in ventricals and circle of willis,Yes/None,Mean,Also include a GSR correction,6MP,No,NA,NA,NA,NA,NA,None,Other,B,0.01,0.1,U,CORSICA: Regress out ICs that explain signal in ventricals and circle of willis,U,Pearson,Seed,NA,Paper focuses on GSR methods
Katelyn,article in chinese,24124739,"Yang S, Dong X, Wang SH, Wu T, Ren YL, Wang DD, Tu WJ, Yi Y, Zheng AB.",,,,,,,,,,,,,,,,,,,,,,,,,,,,,,
Katelyn,article in chinese,24124712,"Wu QJ, Guo ZJ, Liu SE, Yu HQ, Chen J, Yang HM.",,,,,,,,,,,,,,,,,,,,,,,,,,,,,,
Katelyn,,24124576,"Razavi N, Jann K, Koenig T, Kottlow M, Hauf M, Strik W, Dierks T.",8,Y,U,U,None,NA,NA,None,None,NA,None,None,No,NA,NA,NA,NA,NA,None,None,None,NA,NA,NA,None,NA,Pearson,ICA,NA,Dual MRI-EEG
Katelyn,,24121202,"Hinne M, Ambrogioni L, Janssen RJ, Heskes T, van Gerven MA.",None,N,U,U,None,NA,NA,None,None,NA,None,None,No,NA,NA,NA,NA,NA,None,None,None,NA,NA,NA,None,NA,Partial,ICA,NA,
Katelyn,"Possibly remove, it is a motion-spectral power methods paper",24117373,"Kim J, Van Dijk KR, Libby A, Napadow V.",6,Y,U,12,CSF/WM,Mean,NA,None,Yes/None,U,None,6MP,No,NA,NA,NA,NA,NA,None,None,H,0.007,NA,U,None,Template,Other,Other,NA,Networks defined apriori from previous work using ICA
Katelyn,review,24117098,"Cataldi M, Avoli M, de Villers-Sidani E.",,,,,,,,,,,,,,,,,,,,,,,,,,,,,,
Katelyn,,24113289,"Wei M, Qin J, Yan R, Li H, Yao Z, Lu Q.",6,Y,U,8,None,NA,NA,None,None,NA,None,None,No,NA,NA,NA,NA,NA,None,None,None,NA,NA,NA,None,NA,Other,ICA,NA,Hurst exponents
Katelyn,,24111237,"Karmonik C, Brandt AK, Fung SH, Grossman RG, Frazier JT.",3,Y,U,U,None,NA,NA,None,None,NA,None,None,No,NA,NA,NA,NA,NA,None,None,B,0.01,0.1,NA,None,NA,Pearson,Voxel,NA,
Katelyn,,24111236,"Razlighi QR, Steffener J, Habeck C, Laine A, Stern Y.",None,Y,U,U,CSF/WM,U,NA,None,None,NA,None,6MP,Yes,None,FD/Other,0.5,NA,U,Metric: RMSD; Threhold: 0.3%; Volumes replaced with linear interpolation of adjacent volumes,None,B,0.01,0.08,F,None,Native,Pearson,ROI,FS,
Katelyn,,24109873,"Teng S, Lu CF, Wang PS, Hung CI, Li CT, Tu PC, Su TP, Wu YT.",U,Y,U,U,CSF/WM,U,NA,None,None,NA,None,6MP,No,NA,NA,NA,NA,NA,None,None,B,0.01,0.08,U,None,U,Pearson,ROI,Other,ROIS from Shirer et al 2012
Katelyn,,24099850,"Raemaekers M, Schellekens W, van Wezel RJ, Petridou N, Kristo G, Ramsey NF.",None,Y,U,32,None,NA,NA,None,Other,Other,"""The remaining ICA components were inspected for features that mapped to 
the architecture of the visual system. As large-scale networks that 
contain such features could potentially mask or confound effects 
observed in analyses 1–3, we repeated steps 1 to 3 after regressing out 
the relevant ICA components.""",None,No,NA,NA,NA,NA,NA,None,None,B,0.01,0.1,U,None,U,Pearson,Other,NA,Analysis restricted to visual areas
arielle,,24165094,"Schwedt TJ, Larson-Prior L, Coalson RS, Nolan T, Mar S, Ances BM, Benzinger T, Schlaggar BL.",6,Y,U,12,CSF/WM,U,NA,,None,NA,,6MP/TD,Yes,None,FD/DVARS,0.5,U,U,.5% Dvars threshold used - don't describe derivation of this metric,None,B,0.009,0.08,U,,Template,Pearson,Seed,NA,
arielle,commentary,24164166,Zahr NM.,,,,,,,,,,,,,,,,,,,,,,,,,,,,,,
arielle,,24163276,"Meng C, Brandl F, Tahmasian M, Shao J, Manoliu A, Scherr M, Schwerthöffer D, Bäuml J, Förstl H, Zimmer C, Wohlschläger AM, Riedl V, Sorg C.",6,U,U,8,CSF/WM,U,NA,,Yes,U,,6MP,No,NA,NA,NA,NA,NA,,None,Other,Other,Other,F,used a variety of wavelets with varying frequency content: .125 - .25Hz; .06 - .125Hz; .03 - .06Hz; .015 - .03 Hz,Template,Spectral,ROI,HO,
arielle,,24155713,"Su L, Wang L, Shen H, Feng G, Hu D.",8,U,U,U,None,NA,NA,,None,NA,,6MP,No,NA,NA,NA,NA,NA,,None,B,0.01,0.08,F,,NA,Pearson/Other,ROI,AAL,Mutual information also computed
arielle,,24150516,"Salomons TV, Dunlop K, Kennedy SH, Flint A, Geraci J, Giacobbe P, Downar J.",6,Y,U,8,CSF/WM,U,NA,,None,NA,,6MP,No,NA,NA,NA,NA,NA,,None,B,0.009,0.09,U,,U,Pearson,Seed,NA,
arielle,,24144505,"Andreescu C, Tudorascu DL, Butters MA, Tamburo E, Patel M, Price J, Karp JF, Reynolds CF 3rd, Aizenstein H.",10,U,U,U,None,NA,NA,,None,NA,,None,No,NA,NA,NA,NA,NA,,None,None,NA,NA,NA,,NA,Pearson,Seed,NA,
arielle,,24144504,"Breckel TP, Thiel CM, Giessing C.",None,U,U,U,None,NA,NA,,None,NA,,6MP,No,NA,NA,NA,NA,NA,,None,B,Other,Other,F,used two wavelets with frequency content: .042 - .083Hz; .083 - .167 Hz,NA,Spectral,ROI,Other,
arielle,,24135750,"Han SD, Boyle PA, Yu L, Fleischman DA, Arfanakis K, Bennett DA.",7,Y,U,U,CSF/WM,U,NA,,Yes,U,,6MP,No,NA,NA,NA,NA,NA,,None,B,0.01,0.08,F,,Template,Partial,Seed,NA,
arielle,,24133284,"Margulies DS, Petrides M.",None,Y,U,32,CSF/WM,Mean,NA,,None,NA,,6MP,No,NA,NA,NA,NA,NA,,None,B,0.01,0.1,U,,Native,Pearson,Seed,NA,
arielle,,24131593,"Chang SE, Zhu DC.",4,Y,U,8,CSF/WM,U,NA,,Yes,U,,6MP,No,NA,NA,NA,NA,NA,,None,B,0.009,0.08,R,,MNI,Pearson,Seed,NA,
Courtney,,24745341,"Beckett JS, Brooks ED, Lacadie C, Vander Wyk B, Jou RJ, Steinbacher DM, Constable RT, Pelphrey KA, Persing JA.",U,Y,U,32,U,U,U,,U,U,,U,U,U,U,U,U,U,,U,U,U,U,U,,U,Pearson,Seed,NA,
Courtney,,24740586,"Fishman I, Keown CL, Lincoln AJ, Pineda JA, Müller RA.",6,Y,U,8,CSF/WM,Mean,NA,,None,NA,,6MP,Yes,None,FD,1.5,NA,Other,,None,B,0.008,0.08,F,,U,Pearson,Seed,NA,
Courtney,,24098513,"Schmidt SA, Akrofi K, Carpenter-Thompson JR, Husain FT.",10,Y,U,U,CSF/WM,U,NA,,None,NA,,6MP,No,NA,NA,NA,NA,NA,,None,B,0.008,0.08,U,,Native,Pearson,Seed,NA,
Courtney,,24094882,"Yu Q, Sui J, Kiehl KA, Pearlson G, Calhoun VD.",5,U,U,U,None,NA,NA,,None,NA,,None,No,NA,NA,NA,NA,NA,,None,None,NA,NA,NA,,NA,Pearson,ICA,NA,Correlations between ICA components
Courtney,,24090510,"Philip NS, Kuras YI, Valentine TR, Sweet LH, Tyrka AR, Price LH, Carpenter LL.",4,U,U,32,None,NA,NA,,None,NA,,None,No,NA,NA,NA,NA,NA,,None,B,0.0083,0.15,NA,Report filter in seconds but say it's frequency ?,NA,Pearson,Seed,NA,"Also did a ReHo analysis in AFNI across brain voxels, created seeds from this"
Courtney,,24090214,"Stillman CM, Gordon EM, Simon JR, Vaidya CJ, Howard DV, Howard JH Jr.",8,Y,U,U,CSF/WM,U,U,,None,NA,,6MP,No,NA,NA,NA,NA,NA,,None,B,0.01,0.1,U,,U,Pearson,Seed,NA,
Courtney,,24251873,"Babaei A, Siwiec RM, Kern M, Douglas Ward B, Li SJ, Shaker R.",6,Y,U,8,CSF/WM,U,NA,,Yes,U,,6MP,No,NA,NA,NA,NA,NA,,None,B,0.015,0.1,R,,U,Pearson,ROI,Other,
Courtney,,24234804,"Harris RJ, Bookheimer SY, Cloughesy TF, Kim HJ, Pope WB, Lai A, Nghiemphu PL, Liau LM, Ellingson BM.",5,Y,U,U,None,NA,NA,,None,NA,,None,No,NA,NA,NA,NA,NA,,None,H,0.01,NA,NA,,NA,Pearson,ROI,Other,psuedo-resting' data by regressing out the task paramaters -- OK?
Courtney,,24218598,"Bosch OG, Rihm JS, Scheidegger M, Landolt HP, Stämpfli P, Brakowski J, Esposito F, Rasch B, Seifritz E.",4,Y,U,8,CSF/WM,U,NA,,Yes,U,,6MP,No,NA,NA,NA,NA,NA,,None,B,0.004167,0.33,U,,U,Pearson,Seed,NA,
Courtney,Can't acess,24217277,"Xia M, Wang Z, Dai Z, Liang X, Song H, Shu N, Li K, He Y.",,,,,,,,,,,,,,,,,,,,,,,,,,,,,,
Courtney,,24216223,"Brier MR, Thomas JB, Fagan AM, Hassenstab J, Holtzman DM, Benzinger TL, Morris JC, Ances BM.",6,Y,U,12,CSF/WM,U,NA,,Yes,U,,None,Yes,None,FD,U,NA,262.4,,None,L,NA,0.1,U,,U,Pearson,ROI,Other,Dosenbach atlas
arielle,,24080400,"Li Y, Hu Y, Zhao M, Wang Y, Huang J, Chen F.",6,Y,U,8,CSF/WM,Mean,NA,,Yes,U,,6MP,No,NA,NA,NA,NA,NA,,None,B,0.01,0.08,U,,U,Pearson,Seed,NA,
arielle,,24077799,"Di X, Biswal BB.",8,U,U,U,CSF/WM,PC,1,data from human connetome project,None,NA,,None,No,NA,NA,NA,NA,NA,,None,B,0.01,0.1,R,,U,Pearson,ROI,Other,Dosenbach atlas; 9 ICA defined networks
arielle,,24074808,"Luo C, Song W, Chen Q, Zheng Z, Chen K, Cao B, Yang J, Li J, Huang X, Gong Q, Shang HF.",8,Y,U,8,CSF/WM,U,NA,,None,NA,,6MP,No,NA,NA,NA,NA,NA,,None,B,0.01,0.08,F,,Template,Pearson,Seed,NA,
arielle,,24069318,"Hou J, Lin Y, Zhang W, Song L, Wu W, Wang J, Zhou D, Zou Q, Fang Y, He M, Li H.",8,Y,U,U,CSF/WM,Mean,NA,,Yes,Mean,,6MP,No,NA,NA,NA,NA,NA,,None,B,0.01,0.08,U,,Template,Pearson,ROI,Other,
arielle,,24068551,"Pascual B, Masdeu JC, Hollenbeck M, Makris N, Insausti R, Ding SL, Dickerson BC.",6,Y,U,32,CSF/WM,Mean,NA,,Yes,Mean,,6MP,No,NA,NA,NA,NA,NA,,None,L,NA,0.08,F,,Template,Pearson,Seed,NA,
arielle,,24063289,"Owen JP, Li YO, Yang FG, Shetty C, Bukshpun P, Vora S, Wakahiro M, Hinkley LB, Nagarajan SS, Sherr EH, Mukherjee P.",5,U,U,8,CSF/WM,Mean,NA,,None,NA,,6MP,No,NA,NA,NA,NA,NA,,None,B,0.01,0.25,U,,Native,Pearson,ROI,Other,
arielle,,24062654,"Di X, Gohel S, Kim EH, Biswal BB.",None,U,U,U,CSF/WM,PC,5,data from human connetome project,None,NA,,6MP/TD,No,NA,NA,NA,NA,NA,,None,B,0.01,0.1,R,,Template,Other,ROI,Other,rank correlation used (kendall's tau)
arielle,,24040929,"Duchek JM, Balota DA, Thomas JB, Snyder AZ, Rich P, Benzinger TL, Fagan AM, Holtzman DM, Morris JC, Ances BM.",6,Y,U,12,CSF/WM,U,NA,,Yes,Mean,,6MP/TD,No,NA,NA,NA,NA,NA,,None,B,U,0.1,U,,U,Pearson,ROI,Other,
arielle,,24040385,"Yue Y, Yuan Y, Hou Z, Jiang W, Bai F, Zhang Z.",8,Y,U,U,CSF/WM,Mean,NA,,Yes,Mean,,6MP,No,NA,NA,NA,NA,NA,,None,B,0.01,0.08,U,,Template,Pearson,Seed,NA,
Daniel,,24038744,"Kundu P, Brenowitz ND, Voon V, Worbe Y, Vértes PE, Inati SJ, Saad ZS, Bandettini PA, Bullmore ET.",None,N,U,32,None,NA,NA,,None,NA,,None,No,NA,NA,NA,NA,NA,,None,None,U,U,NA,,NA,Pearson,Seed,NA,This work used multiecho EPI MRI and ICA methods to do most all processing.
Daniel,,24036129,"Doucet GE, Skidmore C, Sharan AD, Sperling MR, Tracy JI.",8,Y,U,8,CSF/WM,U,NA,,None,NA,,6MP,No,NA,NA,NA,NA,NA,,None,B,0.008,0.1,R,,Template,Pearson,Seed,NA,
Daniel,,24027126,"Li YC, Huang YA.",6,Y,U,U,None,NA,NA,,None,NA,,6MP,No,NA,NA,NA,NA,NA,,Both,B,0.01,0.1,R,,NA,Other,ICA,NA,
Daniel ,,24023609,"Di X, Biswal BB.",8,N,U,U,CSF/WM,Other,NA,,None,NA,,6MP,No,NA,NA,NA,NA,NA,,None,H,0.01,NA,S,,Native,Pearson,Seed,NA,
Daniel,Not accessible,24020442,"Vakhtin AA, Calhoun VD, Jung RE, Prestopnik JL, Taylor PA, Ford CC.",,,,,,,,,,,,,,,,,,,,,,,,,,,,,,
Katelyn,,24009657,"Hirose S, Kimura HM, Jimura K, Kunimatsu A, Abe O, Ohtomo K, Miyashita Y, Konishi S.",8,Y,U,U,CSF/WM,Mean,NA,,Yes,Mean,,6MP,No,NA,NA,NA,NA,NA,,None,B,0.009,0.08,U,,Template,Pearson,ROI/Seed,Other,
Katelyn,review,24008996,Rektorova I.,,,,,,,,,,,,,,,,,,,,,,,,,,,,,,
Katelyn,,24005300,"van den Heuvel MP, Sporns O.",None,N,U,U,CSF/WM,Mean,NA,,Yes,Mean,,6MP,No,NA,NA,NA,NA,NA,,None,B,0.01,0.1,R,,Native,Pearson,Seed/ICA,Other,"ultra fast fMRI sequence (TR 22ms, TE 32ms) with 4mm voxels, Q: they had a different pipeline for ICA (H(0.01)/L(0.1) filtering only)"
Katelyn,,24003146,"Tagliazucchi E, von Wegner F, Morzelewski A, Brodbeck V, Jahnke K, Laufs H.",8,N,U,U,None,NA,NA,,None,NA,,U,Yes,None,FD,0.25,NA,U,,Both,B,0.01,0.1,U,RETROICOR,Native,Other,ICA,NA,"Dual fMRI-EEG, links computed using Detrended Fluctuation Analysis"
Daniel,,23972601,"Power JD, Schlaggar BL, Lessov-Schlaggar CN, Petersen SE.",6,Y,U,12,CSF/WM,Mean,NA,,Yes,Mean,,6MP/TD,Yes,Yes,FD/DVARS,0.2,0.25%,125,,None,L,NA,0.08,R,,Template,Pearson,ROI,Power,
Daniel ,,23967180,"Nielsen JA, Zielinski BA, Ferguson MA, Lainhart JE, Anderson JS.",None,U,U,U,CSF/WM/Other,Mean,NA,soft tissues of the head and face,None,NA,,6MP,Yes,None,FD/DVARS,0.2,U,U,,None,B,0.001,0.1,U,,Template,Pearson,ROI,Other,
Daniel,,23959173,"Wang L, Brier MR, Snyder AZ, Thomas JB, Fagan AM, Xiong C, Benzinger TL, Holtzman DM, Morris JC, Ances BM.",6,Y,U,U,CSF/WM,U,NA,,Yes,Mean,,6MP,Yes,U,U,U,U,135,,None,L,NA,0.1,F,,Native,Pearson,Seed/ICA,NA,
Courtney,,23959081,"Qian S, Sun G, Jiang Q, Liu K, Li B, Li M, Yang X, Yang Z, Zhao L.",4,Y,U,U,CSF/WM,U,NA,,Yes,U,,6MP,No,NA,NA,NA,NA,NA,,None,B/Other,0.01,0.08,U,,U,Pearson,ROI,AAL,